Handle,Title,Body (HTML),Vendor,Product Category,Type,Tags,Published,Option1 Name,Option1 Value,Option2 Name,Option2 Value,Option3 Name,Option3 Value,Variant SKU,Variant Grams,Variant Inventory Tracker,Variant Inventory Qty,Variant Inventory Policy,Variant Fulfillment Service,Variant Price,Variant Compare At Price,Variant Requires Shipping,Variant Taxable,Variant Barcode,Image Src,Image Position,Image Alt Text,Gift Card,SEO Title,SEO Description,Google Shopping / Google Product Category,Google Shopping / Gender,Google Shopping / Age Group,Google Shopping / MPN,Google Shopping / AdWords Grouping,Google Shopping / AdWords Labels,Google Shopping / Condition,Google Shopping / Custom Product,Google Shopping / Custom Label 0,Google Shopping / Custom Label 1,Google Shopping / Custom Label 2,Google Shopping / Custom Label 3,Google Shopping / Custom Label 4,Variant Image,Variant Weight Unit,Variant Tax Code,Cost per item,Price / International,Compare At Price / International,Status
cascade-rain-shell-mens,Cascade Rain Shell - Men's,"<p>Built for misty mornings and surprise squalls, the Cascade Rain Shell keeps you dry without feeling clammy.</p><ul><li>2.5-layer waterproof/breathable fabric</li><li>Helmet-compatible hood</li><li>Packable into its own pocket</li></ul><p><strong>Weight:</strong> 330g. <strong>Material:</strong> 100% recycled nylon ripstop.</p>",Great Outdoors Co.,Apparel & Accessories > Clothing > Outerwear,Men's Rain Jacket,"rainwear, waterproof, breathable, pacific-northwest, hiking",TRUE,Size,S,Color,Slate,,,GOC-001-S-SLAT,330,shopify,10,deny,manual,149.00,,TRUE,TRUE,,https://cdn.greatoutdoorsco.com/images/cascade-rain-shell-mens.jpg,1,Cascade Rain Shell - Men's - Great Outdoors Co.,FALSE,Cascade Rain Shell - Men's | Great Outdoors Co.,"Built for misty mornings and surprise squalls, the Cascade Rain Shell keeps you dry without feeling clammy.2.5-layer waterproof/breathable fabricHelmet-compa...",Apparel & Accessories > Clothing > Outerwear > Raincoats,male,adult,GOC-001-S-SLAT,Men's Rain Jacket,pnw,new,FALSE,,,,,,https://cdn.greatoutdoorsco.com/images/cascade-rain-shell-mens-slate.jpg,g,,81.95,,,active
cascade-rain-shell-mens,,,,,,,,Size,S,Color,Fir Green,,,GOC-001-S-FIRG,330,shopify,7,deny,manual,149.00,,TRUE,TRUE,,,,,,,,,,,GOC-001-S-FIRG,,,,,,,,,,https://cdn.greatoutdoorsco.com/images/cascade-rain-shell-mens-fir-green.jpg,g,,81.95,,,
cascade-rain-shell-mens,,,,,,,,Size,M,Color,Slate,,,GOC-001-M-SLAT,330,shopify,9,deny,manual,149.00,,TRUE,TRUE,,,,,,,,,,,GOC-001-M-SLAT,,,,,,,,,,https://cdn.greatoutdoorsco.com/images/cascade-rain-shell-mens-slate.jpg,g,,81.95,,,
cascade-rain-shell-mens,,,,,,,,Size,M,Color,Fir Green,,,GOC-001-M-FIRG,330,shopify,10,deny,manual,149.00,,TRUE,TRUE,,,,,,,,,,,GOC-001-M-FIRG,,,,,,,,,,https://cdn.greatoutdoorsco.com/images/cascade-rain-shell-mens-fir-green.jpg,g,,81.95,,,
cascade-rain-shell-mens,,,,,,,,Size,L,Color,Slate,,,GOC-001-L-SLAT,330,shopify,4,deny,manual,149.00,,TRUE,TRUE,,,,,,,,,,,GOC-001-L-SLAT,,,,,,,,,,https://cdn.greatoutdoorsco.com/images/cascade-rain-shell-mens-slate.jpg,g,,81.95,,,
cascade-rain-shell-mens,,,,,,,,Size,L,Color,Fir Green,,,GOC-001-L-FIRG,330,shopify,9,deny,manual,149.00,,TRUE,TRUE,,,,,,,,,,,GOC-001-L-FIRG,,,,,,,,,,https://cdn.greatoutdoorsco.com/images/cascade-rain-shell-mens-fir-green.jpg,g,,81.95,,,
cascade-rain-shell-mens,,,,,,,,Size,XL,Color,Slate,,,GOC-001-XL-SLAT,330,shopify,5,deny,manual,149.00,,TRUE,TRUE,,,,,,,,,,,GOC-001-XL-SLAT,,,,,,,,,,https://cdn.greatoutdoorsco.com/images/cascade-rain-shell-mens-slate.jpg,g,,81.95,,,
cascade-rain-shell-mens,,,,,,,,Size,XL,Color,Fir Green,,,GOC-001-XL-FIRG,330,shopify,8,deny,manual,149.00,,TRUE,TRUE,,,,,,,,,,,GOC-001-XL-FIRG,,,,,,,,,,https://cdn.greatoutdoorsco.com/images/cascade-rain-shell-mens-fir-green.jpg,g,,81.95,,,
cascade-rain-shell-womens,Cascade Rain Shell - Women's,"<p>Our do-it-all rain shell for the Pacific Northwest: light, quiet, and ready for everyday miles.</p><p><strong>Waterproof rating:</strong> 15K. <strong>Weight:</strong> 310g. <strong>Material:</strong> 100% recycled nylon.</p>",Great Outdoors Co.,Apparel & Accessories > Clothing > Outerwear,Women's Rain Jacket,"rainwear, waterproof, breathable, pacific-northwest, trail",TRUE,Size,XS,Color,Deep Teal,,,GOC-002-XS-DEEP,310,shopify,7,deny,manual,149.00,179.00,TRUE,TRUE,,https://cdn.greatoutdoorsco.com/images/cascade-rain-shell-womens.jpg,1,Cascade Rain Shell - Women's - Great Outdoors Co.,FALSE,Cascade Rain Shell - Women's | Great Outdoors Co.,"Our do-it-all rain shell for the Pacific Northwest: light, quiet, and ready for everyday miles.Waterproof rating: 15K. Weight: 310g. Material: 100% recycled ...",Apparel & Accessories > Clothing > Outerwear > Raincoats,female,adult,GOC-002-XS-DEEP,Women's Rain Jacket,pnw,new,FALSE,,,,,,https://cdn.greatoutdoorsco.com/images/cascade-rain-shell-womens-deep-teal.jpg,g,,81.95,,,active
cascade-rain-shell-womens,,,,,,,,Size,XS,Color,Cinder,,,GOC-002-XS-CIND,310,shopify,8,deny,manual,149.00,179.00,TRUE,TRUE,,,,,,,,,,,GOC-002-XS-CIND,,,,,,,,,,https://cdn.greatoutdoorsco.com/images/cascade-rain-shell-womens-cinder.jpg,g,,81.95,,,
cascade-rain-shell-womens,,,,,,,,Size,S,Color,Deep Teal,,,GOC-002-S-DEEP,310,shopify,4,deny,manual,149.00,179.00,TRUE,TRUE,,,,,,,,,,,GOC-002-S-DEEP,,,,,,,,,,https://cdn.greatoutdoorsco.com/images/cascade-rain-shell-womens-deep-teal.jpg,g,,81.95,,,
cascade-rain-shell-womens,,,,,,,,Size,S,Color,Cinder,,,GOC-002-S-CIND,310,shopify,7,deny,manual,149.00,179.00,TRUE,TRUE,,,,,,,,,,,GOC-002-S-CIND,,,,,,,,,,https://cdn.greatoutdoorsco.com/images/cascade-rain-shell-womens-cinder.jpg,g,,81.95,,,
cascade-rain-shell-womens,,,,,,,,Size,M,Color,Deep Teal,,,GOC-002-M-DEEP,310,shopify,6,deny,manual,149.00,179.00,TRUE,TRUE,,,,,,,,,,,GOC-002-M-DEEP,,,,,,,,,,https://cdn.greatoutdoorsco.com/images/cascade-rain-shell-womens-deep-teal.jpg,g,,81.95,,,
cascade-rain-shell-womens,,,,,,,,Size,M,Color,Cinder,,,GOC-002-M-CIND,310,shopify,10,deny,manual,149.00,179.00,TRUE,TRUE,,,,,,,,,,,GOC-002-M-CIND,,,,,,,,,,https://cdn.greatoutdoorsco.com/images/cascade-rain-shell-womens-cinder.jpg,g,,81.95,,,
cascade-rain-shell-womens,,,,,,,,Size,L,Color,Deep Teal,,,GOC-002-L-DEEP,310,shopify,7,deny,manual,149.00,179.00,TRUE,TRUE,,,,,,,,,,,GOC-002-L-DEEP,,,,,,,,,,https://cdn.greatoutdoorsco.com/images/cascade-rain-shell-womens-deep-teal.jpg,g,,81.95,,,
cascade-rain-shell-womens,,,,,,,,Size,L,Color,Cinder,,,GOC-002-L-CIND,310,shopify,4,deny,manual,149.00,179.00,TRUE,TRUE,,,,,,,,,,,GOC-002-L-CIND,,,,,,,,,,https://cdn.greatoutdoorsco.com/images/cascade-rain-shell-womens-cinder.jpg,g,,81.95,,,
cascade-rain-shell-womens,,,,,,,,Size,XL,Color,Deep Teal,,,GOC-002-XL-DEEP,310,shopify,4,deny,manual,149.00,179.00,TRUE,TRUE,,,,,,,,,,,GOC-002-XL-DEEP,,,,,,,,,,https://cdn.greatoutdoorsco.com/images/cascade-rain-shell-womens-deep-teal.jpg,g,,81.95,,,
cascade-rain-shell-womens,,,,,,,,Size,XL,Color,Cinder,,,GOC-002-XL-CIND,310,shopify,5,deny,manual,149.00,179.00,TRUE,TRUE,,,,,,,,,,,GOC-002-XL-CIND,,,,,,,,,,https://cdn.greatoutdoorsco.com/images/cascade-rain-shell-womens-cinder.jpg,g,,81.95,,,
timberline-fleece-pullover-mens,Timberline Fleece Pullover - Men's,"<p>Midweight fleece for chilly starts &amp; late-night campfires.<br><p>Soft, durable, and easy to layer under a shell.",Great Outdoors Co.,Apparel & Accessories > Clothing > Outerwear,Men's Fleece,"fleece, midlayer, camp, hiking, everyday",TRUE,Size,S,Color,Charcoal Heather,,,GOC-003-S-CHAR,380,shopify,12,deny,manual,89.00,,TRUE,TRUE,,https://cdn.greatoutdoorsco.com/images/timberline-fleece-pullover-mens.jpg,1,Timberline Fleece Pullover - Men's - Great Outdoors Co.,FALSE,Timberline Fleece Pullover - Men's | Great Outdoors Co.,"Midweight fleece for chilly starts &amp; late-night campfires.Soft, durable, and easy to layer under a shell.",Apparel & Accessories > Clothing > Outerwear > Fleece,male,adult,GOC-003-S-CHAR,Men's Fleece,pnw,new,FALSE,,,,,,https://cdn.greatoutdoorsco.com/images/timberline-fleece-pullover-mens-charcoal-heather.jpg,g,,48.95,,,active
timberline-fleece-pullover-mens,,,,,,,,Size,S,Color,River Blue,,,GOC-003-S-RIVE,380,shopify,10,deny,manual,89.00,,TRUE,TRUE,,,,,,,,,,,GOC-003-S-RIVE,,,,,,,,,,https://cdn.greatoutdoorsco.com/images/timberline-fleece-pullover-mens-river-blue.jpg,g,,48.95,,,
timberline-fleece-pullover-mens,,,,,,,,Size,M,Color,Charcoal Heather,,,GOC-003-M-CHAR,380,shopify,9,deny,manual,89.00,,TRUE,TRUE,,,,,,,,,,,GOC-003-M-CHAR,,,,,,,,,,https://cdn.greatoutdoorsco.com/images/timberline-fleece-pullover-mens-charcoal-heather.jpg,g,,48.95,,,
timberline-fleece-pullover-mens,,,,,,,,Size,M,Color,River Blue,,,GOC-003-M-RIVE,380,shopify,10,deny,manual,89.00,,TRUE,TRUE,,,,,,,,,,,GOC-003-M-RIVE,,,,,,,,,,https://cdn.greatoutdoorsco.com/images/timberline-fleece-pullover-mens-river-blue.jpg,g,,48.95,,,
timberline-fleece-pullover-mens,,,,,,,,Size,L,Color,Charcoal Heather,,,GOC-003-L-CHAR,380,shopify,13,deny,manual,89.00,,TRUE,TRUE,,,,,,,,,,,GOC-003-L-CHAR,,,,,,,,,,https://cdn.greatoutdoorsco.com/images/timberline-fleece-pullover-mens-charcoal-heather.jpg,g,,48.95,,,
timberline-fleece-pullover-mens,,,,,,,,Size,L,Color,River Blue,,,GOC-003-L-RIVE,380,shopify,9,deny,manual,89.00,,TRUE,TRUE,,,,,,,,,,,GOC-003-L-RIVE,,,,,,,,,,https://cdn.greatoutdoorsco.com/images/timberline-fleece-pullover-mens-river-blue.jpg,g,,48.95,,,
timberline-fleece-pullover-mens,,,,,,,,Size,XL,Color,Charcoal Heather,,,GOC-003-XL-CHAR,380,shopify,10,deny,manual,89.00,,TRUE,TRUE,,,,,,,,,,,GOC-003-XL-CHAR,,,,,,,,,,https://cdn.greatoutdoorsco.com/images/timberline-fleece-pullover-mens-charcoal-heather.jpg,g,,48.95,,,
timberline-fleece-pullover-mens,,,,,,,,Size,XL,Color,River Blue,,,GOC-003-XL-RIVE,380,shopify,8,deny,manual,89.00,,TRUE,TRUE,,,,,,,,,,,GOC-003-XL-RIVE,,,,,,,,,,https://cdn.greatoutdoorsco.com/images/timberline-fleece-pullover-mens-river-blue.jpg,g,,48.95,,,
timberline-fleece-pullover-womens,Timberline Fleece Pullover - Women's,<p>Midweight warmth that layers cleanly under a shell and looks right at home around town.</p><p><strong>Weight:</strong> 360g. <strong>Material:</strong> 100% recycled polyester fleece.</p>,Great Outdoors Co.,Apparel & Accessories > Clothing > Outerwear,Women's Fleece,"fleece, midlayer, trail, campfire, cozy",TRUE,Size,XS,Color,Oat Heather,,,GOC-004-XS-OATH,360,shopify,8,deny,manual,89.00,,TRUE,TRUE,,https://cdn.greatoutdoorsco.com/images/timberline-fleece-pullover-womens.jpg,1,Timberline Fleece Pullover - Women's - Great Outdoors Co.,FALSE,Timberline Fleece Pullover - Women's | Great Outdoors Co.,Midweight warmth that layers cleanly under a shell and looks right at home around town.Weight: 360g. Material: 100% recycled polyester fleece.,Apparel & Accessories > Clothing > Outerwear > Fleece,female,adult,GOC-004-XS-OATH,Women's Fleece,pnw,new,FALSE,,,,,,https://cdn.greatoutdoorsco.com/images/timberline-fleece-pullover-womens-oat-heather.jpg,g,,48.95,,,active
timberline-fleece-pullover-womens,,,,,,,,Size,XS,Color,Evergreen,,,GOC-004-XS-EVER,360,shopify,8,deny,manual,89.00,,TRUE,TRUE,,,,,,,,,,,GOC-004-XS-EVER,,,,,,,,,,https://cdn.greatoutdoorsco.com/images/timberline-fleece-pullover-womens-evergreen.jpg,g,,48.95,,,
timberline-fleece-pullover-womens,,,,,,,,Size,S,Color,Oat Heather,,,GOC-004-S-OATH,360,shopify,9,deny,manual,89.00,,TRUE,TRUE,,,,,,,,,,,GOC-004-S-OATH,,,,,,,,,,https://cdn.greatoutdoorsco.com/images/timberline-fleece-pullover-womens-oat-heather.jpg,g,,48.95,,,
timberline-fleece-pullover-womens,,,,,,,,Size,S,Color,Evergreen,,,GOC-004-S-EVER,360,shopify,11,deny,manual,89.00,,TRUE,TRUE,,,,,,,,,,,GOC-004-S-EVER,,,,,,,,,,https://cdn.greatoutdoorsco.com/images/timberline-fleece-pullover-womens-evergreen.jpg,g,,48.95,,,
timberline-fleece-pullover-womens,,,,,,,,Size,M,Color,Oat Heather,,,GOC-004-M-OATH,360,shopify,13,deny,manual,89.00,,TRUE,TRUE,,,,,,,,,,,GOC-004-M-OATH,,,,,,,,,,https://cdn.greatoutdoorsco.com/images/timberline-fleece-pullover-womens-oat-heather.jpg,g,,48.95,,,
timberline-fleece-pullover-womens,,,,,,,,Size,M,Color,Evergreen,,,GOC-004-M-EVER,360,shopify,8,deny,manual,89.00,,TRUE,TRUE,,,,,,,,,,,GOC-004-M-EVER,,,,,,,,,,https://cdn.greatoutdoorsco.com/images/timberline-fleece-pullover-womens-evergreen.jpg,g,,48.95,,,
timberline-fleece-pullover-womens,,,,,,,,Size,L,Color,Oat Heather,,,GOC-004-L-OATH,360,shopify,13,deny,manual,89.00,,TRUE,TRUE,,,,,,,,,,,GOC-004-L-OATH,,,,,,,,,,https://cdn.greatoutdoorsco.com/images/timberline-fleece-pullover-womens-oat-heather.jpg,g,,48.95,,,
timberline-fleece-pullover-womens,,,,,,,,Size,L,Color,Evergreen,,,GOC-004-L-EVER,360,shopify,10,deny,manual,89.00,,TRUE,TRUE,,,,,,,,,,,GOC-004-L-EVER,,,,,,,,,,https://cdn.greatoutdoorsco.com/images/timberline-fleece-pullover-womens-evergreen.jpg,g,,48.95,,,
evergreen-merino-base-top-mens,Evergreen Merino Base Top - Men's,<p>Soft next-to-skin merino that regulates temperature across seasons.</p><p><strong>Weight:</strong> 220g. <strong>Material:</strong> 87% merino wool / 13% nylon.</p>,Great Outdoors Co.,Apparel & Accessories > Clothing > Underwear & Socks,Men's Base Layer,"merino, base-layer, odor-resistant, hiking, ski",TRUE,Size,S,Color,Black,,,GOC-005-S-BLAC,220,shopify,15,deny,manual,78.00,,TRUE,TRUE,,https://cdn.greatoutdoorsco.com/images/evergreen-merino-base-top-mens.jpg,1,Evergreen Merino Base Top - Men's - Great Outdoors Co.,FALSE,Evergreen Merino Base Top - Men's | Great Outdoors Co.,Soft next-to-skin merino that regulates temperature across seasons.Weight: 220g. Material: 87% merino wool / 13% nylon.,Apparel & Accessories > Clothing > Activewear,male,adult,GOC-005-S-BLAC,Men's Base Layer,pnw,new,FALSE,,,,,,https://cdn.greatoutdoorsco.com/images/evergreen-merino-base-top-mens-black.jpg,g,,42.90,,,active
evergreen-merino-base-top-mens,,,,,,,,Size,S,Color,Heather Gray,,,GOC-005-S-HEAT,220,shopify,9,deny,manual,78.00,,TRUE,TRUE,,,,,,,,,,,GOC-005-S-HEAT,,,,,,,,,,https://cdn.greatoutdoorsco.com/images/evergreen-merino-base-top-mens-heather-gray.jpg,g,,42.90,,,
evergreen-merino-base-top-mens,,,,,,,,Size,M,Color,Black,,,GOC-005-M-BLAC,220,shopify,10,deny,manual,78.00,,TRUE,TRUE,,,,,,,,,,,GOC-005-M-BLAC,,,,,,,,,,https://cdn.greatoutdoorsco.com/images/evergreen-merino-base-top-mens-black.jpg,g,,42.90,,,
evergreen-merino-base-top-mens,,,,,,,,Size,M,Color,Heather Gray,,,GOC-005-M-HEAT,220,shopify,9,deny,manual,78.00,,TRUE,TRUE,,,,,,,,,,,GOC-005-M-HEAT,,,,,,,,,,https://cdn.greatoutdoorsco.com/images/evergreen-merino-base-top-mens-heather-gray.jpg,g,,42.90,,,
evergreen-merino-base-top-mens,,,,,,,,Size,L,Color,Black,,,GOC-005-L-BLAC,220,shopify,11,deny,manual,78.00,,TRUE,TRUE,,,,,,,,,,,GOC-005-L-BLAC,,,,,,,,,,https://cdn.greatoutdoorsco.com/images/evergreen-merino-base-top-mens-black.jpg,g,,42.90,,,
evergreen-merino-base-top-mens,,,,,,,,Size,L,Color,Heather Gray,,,GOC-005-L-HEAT,220,shopify,12,deny,manual,78.00,,TRUE,TRUE,,,,,,,,,,,GOC-005-L-HEAT,,,,,,,,,,https://cdn.greatoutdoorsco.com/images/evergreen-merino-base-top-mens-heather-gray.jpg,g,,42.90,,,
evergreen-merino-base-top-mens,,,,,,,,Size,XL,Color,Black,,,GOC-005-XL-BLAC,220,shopify,15,deny,manual,78.00,,TRUE,TRUE,,,,,,,,,,,GOC-005-XL-BLAC,,,,,,,,,,https://cdn.greatoutdoorsco.com/images/evergreen-merino-base-top-mens-black.jpg,g,,42.90,,,
evergreen-merino-base-top-mens,,,,,,,,Size,XL,Color,Heather Gray,,,GOC-005-XL-HEAT,220,shopify,15,deny,manual,78.00,,TRUE,TRUE,,,,,,,,,,,GOC-005-XL-HEAT,,,,,,,,,,https://cdn.greatoutdoorsco.com/images/evergreen-merino-base-top-mens-heather-gray.jpg,g,,42.90,,,
evergreen-merino-base-top-womens,Evergreen Merino Base Top - Women's,"<p>Breathable merino warmth for hiking, skiing, and everyday wear.</p><p><strong>Weight:</strong> 200g. <strong>Material:</strong> 87% merino wool / 13% nylon.</p>",Great Outdoors Co.,Apparel & Accessories > Clothing > Underwear & Socks,Women's Base Layer,"merino, base-layer, odor-resistant, pnw, layering",TRUE,Size,XS,Color,Black,,,GOC-006-XS-BLAC,200,shopify,11,deny,manual,78.00,98.00,TRUE,TRUE,,https://cdn.greatoutdoorsco.com/images/evergreen-merino-base-top-womens.jpg,1,Evergreen Merino Base Top - Women's - Great Outdoors Co.,FALSE,Evergreen Merino Base Top - Women's | Great Outdoors Co.,"Breathable merino warmth for hiking, skiing, and everyday wear.Weight: 200g. Material: 87% merino wool / 13% nylon.",Apparel & Accessories > Clothing > Activewear,female,adult,GOC-006-XS-BLAC,Women's Base Layer,pnw,new,FALSE,,,,,,https://cdn.greatoutdoorsco.com/images/evergreen-merino-base-top-womens-black.jpg,g,,42.90,,,active
evergreen-merino-base-top-womens,,,,,,,,Size,XS,Color,Heather Gray,,,GOC-006-XS-HEAT,200,shopify,11,deny,manual,78.00,98.00,TRUE,TRUE,,,,,,,,,,,GOC-006-XS-HEAT,,,,,,,,,,https://cdn.greatoutdoorsco.com/images/evergreen-merino-base-top-womens-heather-gray.jpg,g,,42.90,,,
evergreen-merino-base-top-womens,,,,,,,,Size,S,Color,Black,,,GOC-006-S-BLAC,200,shopify,14,deny,manual,78.00,98.00,TRUE,TRUE,,,,,,,,,,,GOC-006-S-BLAC,,,,,,,,,,https://cdn.greatoutdoorsco.com/images/evergreen-merino-base-top-womens-black.jpg,g,,42.90,,,
evergreen-merino-base-top-womens,,,,,,,,Size,S,Color,Heather Gray,,,GOC-006-S-HEAT,200,shopify,8,deny,manual,78.00,98.00,TRUE,TRUE,,,,,,,,,,,GOC-006-S-HEAT,,,,,,,,,,https://cdn.greatoutdoorsco.com/images/evergreen-merino-base-top-womens-heather-gray.jpg,g,,42.90,,,
evergreen-merino-base-top-womens,,,,,,,,Size,M,Color,Black,,,GOC-006-M-BLAC,200,shopify,11,deny,manual,78.00,98.00,TRUE,TRUE,,,,,,,,,,,GOC-006-M-BLAC,,,,,,,,,,https://cdn.greatoutdoorsco.com/images/evergreen-merino-base-top-womens-black.jpg,g,,42.90,,,
evergreen-merino-base-top-womens,,,,,,,,Size,M,Color,Heather Gray,,,GOC-006-M-HEAT,200,shopify,12,deny,manual,78.00,98.00,TRUE,TRUE,,,,,,,,,,,GOC-006-M-HEAT,,,,,,,,,,https://cdn.greatoutdoorsco.com/images/evergreen-merino-base-top-womens-heather-gray.jpg,g,,42.90,,,
evergreen-merino-base-top-womens,,,,,,,,Size,L,Color,Black,,,GOC-006-L-BLAC,200,shopify,14,deny,manual,78.00,98.00,TRUE,TRUE,,,,,,,,,,,GOC-006-L-BLAC,,,,,,,,,,https://cdn.greatoutdoorsco.com/images/evergreen-merino-base-top-womens-black.jpg,g,,42.90,,,
evergreen-merino-base-top-womens,,,,,,,,Size,L,Color,Heather Gray,,,GOC-006-L-HEAT,200,shopify,14,deny,manual,78.00,98.00,TRUE,TRUE,,,,,,,,,,,GOC-006-L-HEAT,,,,,,,,,,https://cdn.greatoutdoorsco.com/images/evergreen-merino-base-top-womens-heather-gray.jpg,g,,42.90,,,
ridgeline-hiking-socks-crew,Ridgeline Hiking Socks - Crew,<p>Trail-ready crew socks with a merino blend that manages moisture and helps fight odor.</p><p><strong>Weight:</strong> 70g/pair. <strong>Material:</strong> 55% merino wool / 40% nylon / 5% elastane.</p>,Great Outdoors Co.,Apparel & Accessories > Clothing > Underwear & Socks,Hiking Socks,"socks, hiking, merino-blend, cushion",TRUE,Size,S,,,,,GOC-007-S,70,shopify,30,deny,manual,18.00,,TRUE,TRUE,,https://cdn.greatoutdoorsco.com/images/ridgeline-hiking-socks-crew.jpg,1,Ridgeline Hiking Socks - Crew - Great Outdoors Co.,FALSE,Ridgeline Hiking Socks - Crew | Great Outdoors Co.,Trail-ready crew socks with a merino blend that manages moisture and helps fight odor.Weight: 70g/pair. Material: 55% merino wool / 40% nylon / 5% elastane.,Apparel & Accessories > Clothing > Underwear & Socks > Socks,unisex,adult,GOC-007-S,Hiking Socks,pnw,new,FALSE,,,,,,,g,,9.90,,,active
ridgeline-hiking-socks-crew,,,,,,,,Size,M,,,,,GOC-007-M,70,shopify,33,deny,manual,18.00,,TRUE,TRUE,,,,,,,,,,,GOC-007-M,,,,,,,,,,,g,,9.90,,,
ridgeline-hiking-socks-crew,,,,,,,,Size,L,,,,,GOC-007-L,70,shopify,35,deny,manual,18.00,,TRUE,TRUE,,,,,,,,,,,GOC-007-L,,,,,,,,,,,g,,9.90,,,
ridgeline-hiking-socks-crew,,,,,,,,Size,XL,,,,,GOC-007-XL,70,shopify,30,deny,manual,18.00,,TRUE,TRUE,,,,,,,,,,,GOC-007-XL,,,,,,,,,,,g,,9.90,,,
ridgeline-hiking-socks-quarter,Ridgeline Hiking Socks - Quarter,<p>Light cushion in a lower cut for warm days and fast miles.</p><p><strong>Weight:</strong> 65g/pair. <strong>Material:</strong> merino blend.</p>,Great Outdoors Co.,Apparel & Accessories > Clothing > Underwear & Socks,Hiking Socks,"socks, hiking, quick-dry, blister-defense",TRUE,Size,S,,,,,GOC-008-S,65,shopify,34,deny,manual,16.00,,TRUE,TRUE,,https://cdn.greatoutdoorsco.com/images/ridgeline-hiking-socks-quarter.jpg,1,Ridgeline Hiking Socks - Quarter - Great Outdoors Co.,FALSE,Ridgeline Hiking Socks - Quarter | Great Outdoors Co.,Light cushion in a lower cut for warm days and fast miles.Weight: 65g/pair. Material: merino blend.,Apparel & Accessories > Clothing > Underwear & Socks > Socks,unisex,adult,GOC-008-S,Hiking Socks,pnw,new,FALSE,,,,,,,g,,8.80,,,active
ridgeline-hiking-socks-quarter,,,,,,,,Size,M,,,,,GOC-008-M,65,shopify,35,deny,manual,16.00,,TRUE,TRUE,,,,,,,,,,,GOC-008-M,,,,,,,,,,,g,,8.80,,,
ridgeline-hiking-socks-quarter,,,,,,,,Size,L,,,,,GOC-008-L,65,shopify,37,deny,manual,16.00,,TRUE,TRUE,,,,,,,,,,,GOC-008-L,,,,,,,,,,,g,,8.80,,,
ridgeline-hiking-socks-quarter,,,,,,,,Size,XL,,,,,GOC-008-XL,65,shopify,37,deny,manual,16.00,,TRUE,TRUE,,,,,,,,,,,GOC-008-XL,,,,,,,,,,,g,,8.80,,,
high-trail-trucker-hat,High Trail Trucker Hat,<p>Classic trucker fit with a breathable mesh back and a bendable brim.</p><p><strong>Weight:</strong> 90g. <strong>Materials:</strong> cotton twill / polyester mesh.</p>,Great Outdoors Co.,Apparel & Accessories > Clothing Accessories > Hats,Hat,"hat, trucker, sun, everyday, trail",TRUE,Color,Navy,,,,,GOC-009-NAVY,90,shopify,46,deny,manual,28.00,,TRUE,TRUE,,https://cdn.greatoutdoorsco.com/images/high-trail-trucker-hat.jpg,1,High Trail Trucker Hat - Great Outdoors Co.,FALSE,High Trail Trucker Hat | Great Outdoors Co.,Classic trucker fit with a breathable mesh back and a bendable brim.Weight: 90g. Materials: cotton twill / polyester mesh.,Apparel & Accessories > Clothing Accessories > Hats,unisex,adult,GOC-009-NAVY,Hat,pnw,new,FALSE,,,,,,https://cdn.greatoutdoorsco.com/images/high-trail-trucker-hat-navy.jpg,g,,15.40,,,active
high-trail-trucker-hat,,,,,,,,Color,Khaki,,,,,GOC-009-KHAK,90,shopify,48,deny,manual,28.00,,TRUE,TRUE,,,,,,,,,,,GOC-009-KHAK,,,,,,,,,,https://cdn.greatoutdoorsco.com/images/high-trail-trucker-hat-khaki.jpg,g,,15.40,,,
high-trail-trucker-hat,,,,,,,,Color,Navy,,,,,GOC-009-NAVY,90,shopify,46,deny,manual,27.00,,TRUE,TRUE,,,,,,,,,,,GOC-009-NAVY,,,,,,,,,,https://cdn.greatoutdoorsco.com/images/high-trail-trucker-hat-navy.jpg,g,,14.85,,,
ridgeview-beanie,Ridgeview Beanie,Warm.,Great Outdoors Co.,Apparel & Accessories > Clothing Accessories > Hats,Beanie,"beanie, warm, winter, camp",TRUE,Color,Charcoal,,,,,GOC-010-CHAR,110,shopify,50,deny,manual,34.00,,TRUE,TRUE,,https://cdn.greatoutdoorsco.com/images/ridgeview-beanie.jpg,1,Ridgeview Beanie - Great Outdoors Co.,FALSE,Ridgeview Beanie | Great Outdoors Co.,Warm.,Apparel & Accessories > Clothing Accessories > Hats,unisex,adult,GOC-010-CHAR,Beanie,pnw,new,FALSE,,,,,,https://cdn.greatoutdoorsco.com/images/ridgeview-beanie-charcoal.jpg,g,,18.70,,,active
ridgeview-beanie,,,,,,,,Color,Canyon,,,,,GOC-010-CANY,110,shopify,51,deny,manual,34.00,,TRUE,TRUE,,,,,,,,,,,GOC-010-CANY,,,,,,,,,,https://cdn.greatoutdoorsco.com/images/ridgeview-beanie-canyon.jpg,g,,18.70,,,
cascadelite-down-vest,CascadeLite Down Vest,<p>Lightweight warmth that packs small for shoulder-season hikes and cool nights.</p><p><strong>Fill:</strong> 650-fill RDS-certified down. <strong>Shell:</strong> recycled nylon. <strong>Weight:</strong> 290g.</p>,Great Outdoors Co.,Apparel & Accessories > Clothing > Outerwear,Down Vest,"down, vest, packable, layering, camp",TRUE,Size,Small,Color,Canyon,,,GOC-011-SMAL-CANY,290,shopify,3,deny,manual,129.00,,TRUE,TRUE,,https://cdn.greatoutdoorsco.com/images/cascadelite-down-vest.jpg,1,CascadeLite Down Vest - Great Outdoors Co.,FALSE,CascadeLite Down Vest | Great Outdoors Co.,Lightweight warmth that packs small for shoulder-season hikes and cool nights.Fill: 650-fill RDS-certified down. Shell: recycled nylon. Weight: 290g.,Apparel & Accessories > Clothing > Outerwear > Vests,unisex,adult,GOC-011-SMAL-CANY,Down Vest,pnw,new,FALSE,,,,,,https://cdn.greatoutdoorsco.com/images/cascadelite-down-vest-canyon.jpg,g,,70.95,,,active
cascadelite-down-vest,,,,,,,,Size,Small,Color,Midnight,,,GOC-011-SMAL-MIDN,290,shopify,3,deny,manual,129.00,,TRUE,TRUE,,,,,,,,,,,GOC-011-SMAL-MIDN,,,,,,,,,,https://cdn.greatoutdoorsco.com/images/cascadelite-down-vest-midnight.jpg,g,,70.95,,,
cascadelite-down-vest,,,,,,,,Size,Medium,Color,Canyon,,,GOC-011-MEDI-CANY,290,shopify,9,deny,manual,129.00,,TRUE,TRUE,,,,,,,,,,,GOC-011-MEDI-CANY,,,,,,,,,,https://cdn.greatoutdoorsco.com/images/cascadelite-down-vest-canyon.jpg,g,,70.95,,,
cascadelite-down-vest,,,,,,,,Size,Medium,Color,Midnight,,,GOC-011-MEDI-MIDN,290,shopify,8,deny,manual,129.00,,TRUE,TRUE,,,,,,,,,,,GOC-011-MEDI-MIDN,,,,,,,,,,https://cdn.greatoutdoorsco.com/images/cascadelite-down-vest-midnight.jpg,g,,70.95,,,
cascadelite-down-vest,,,,,,,,Size,Large,Color,Canyon,,,GOC-011-LARG-CANY,290,shopify,4,deny,manual,129.00,,TRUE,TRUE,,,,,,,,,,,GOC-011-LARG-CANY,,,,,,,,,,https://cdn.greatoutdoorsco.com/images/cascadelite-down-vest-canyon.jpg,g,,70.95,,,
cascadelite-down-vest,,,,,,,,Size,Large,Color,Midnight,,,GOC-011-LARG-MIDN,290,shopify,5,deny,manual,129.00,,TRUE,TRUE,,,,,,,,,,,GOC-011-LARG-MIDN,,,,,,,,,,https://cdn.greatoutdoorsco.com/images/cascadelite-down-vest-midnight.jpg,g,,70.95,,,
cascadelite-down-vest,,,,,,,,Size,L,Color,Canyon,,,GOC-011-L-CANY,290,shopify,4,deny,manual,129.00,,TRUE,TRUE,,,,,,,,,,,GOC-011-L-CANY,,,,,,,,,,https://cdn.greatoutdoorsco.com/images/cascadelite-down-vest-canyon.jpg,g,,70.95,,,
cascadelite-down-vest,,,,,,,,Size,L,Color,Midnight,,,GOC-011-L-MIDN,290,shopify,5,deny,manual,129.00,,TRUE,TRUE,,,,,,,,,,,GOC-011-L-MIDN,,,,,,,,,,https://cdn.greatoutdoorsco.com/images/cascadelite-down-vest-midnight.jpg,g,,70.95,,,
cascadelite-down-vest,,,,,,,,Size,Lg,Color,Canyon,,,GOC-011-LG-CANY,290,shopify,9,deny,manual,129.00,,TRUE,TRUE,,,,,,,,,,,GOC-011-LG-CANY,,,,,,,,,,https://cdn.greatoutdoorsco.com/images/cascadelite-down-vest-canyon.jpg,g,,70.95,,,
cascadelite-down-vest,,,,,,,,Size,Lg,Color,Midnight,,,GOC-011-LG-MIDN,290,shopify,4,deny,manual,129.00,,TRUE,TRUE,,,,,,,,,,,GOC-011-LG-MIDN,,,,,,,,,,https://cdn.greatoutdoorsco.com/images/cascadelite-down-vest-midnight.jpg,g,,70.95,,,
cascadelite-down-vest,,,,,,,,Size,XL,Color,Canyon,,,GOC-011-XL-CANY,290,shopify,5,deny,manual,129.00,,TRUE,TRUE,,,,,,,,,,,GOC-011-XL-CANY,,,,,,,,,,https://cdn.greatoutdoorsco.com/images/cascadelite-down-vest-canyon.jpg,g,,70.95,,,
cascadelite-down-vest,,,,,,,,Size,XL,Color,Midnight,,,GOC-011-XL-MIDN,290,shopify,8,deny,manual,129.00,,TRUE,TRUE,,,,,,,,,,,GOC-011-XL-MIDN,,,,,,,,,,https://cdn.greatoutdoorsco.com/images/cascadelite-down-vest-midnight.jpg,g,,70.95,,,
granite-softshell-pants,Granite Softshell Pants,"<p>Stretch-woven softshell pants built for brushy trails, cool temps, and everyday wear.</p><p><strong>Weight:</strong> 450g. <strong>Material:</strong> 90% nylon / 10% elastane with DWR finish.</p>",Great Outdoors Co.,Apparel & Accessories > Clothing > Pants,Softshell Pants,"softshell, pants, stretch, hiking, durable",TRUE,Waist,30,Color,Graphite,,,GOC-012-30-GRAP,450,shopify,8,deny,manual,119.00,,TRUE,TRUE,,https://cdn.greatoutdoorsco.com/images/granite-softshell-pants.jpg,1,Granite Softshell Pants - Great Outdoors Co.,FALSE,Granite Softshell Pants | Great Outdoors Co.,"Stretch-woven softshell pants built for brushy trails, cool temps, and everyday wear.Weight: 450g. Material: 90% nylon / 10% elastane with DWR finish.",Apparel & Accessories > Clothing > Pants,unisex,adult,GOC-012-30-GRAP,Softshell Pants,pnw,new,FALSE,,,,,,https://cdn.greatoutdoorsco.com/images/granite-softshell-pants-graphite.jpg,g,,65.45,,,active
granite-softshell-pants,,,,,,,,Waist,30,Color,Dark Olive,,,GOC-012-30-DARK,450,shopify,11,deny,manual,119.00,,TRUE,TRUE,,,,,,,,,,,GOC-012-30-DARK,,,,,,,,,,https://cdn.greatoutdoorsco.com/images/granite-softshell-pants-dark-olive.jpg,g,,65.45,,,
granite-softshell-pants,,,,,,,,Waist,32,Color,Graphite,,,GOC-012-32-GRAP,450,shopify,5,deny,manual,119.00,,TRUE,TRUE,,,,,,,,,,,GOC-012-32-GRAP,,,,,,,,,,https://cdn.greatoutdoorsco.com/images/granite-softshell-pants-graphite.jpg,g,,65.45,,,
granite-softshell-pants,,,,,,,,Waist,32,Color,Dark Olive,,,GOC-012-32-DARK,450,shopify,5,deny,manual,119.00,,TRUE,TRUE,,,,,,,,,,,GOC-012-32-DARK,,,,,,,,,,https://cdn.greatoutdoorsco.com/images/granite-softshell-pants-dark-olive.jpg,g,,65.45,,,
granite-softshell-pants,,,,,,,,Waist,34,Color,Graphite,,,GOC-012-34-GRAP,450,shopify,10,deny,manual,119.00,,TRUE,TRUE,,,,,,,,,,,GOC-012-34-GRAP,,,,,,,,,,https://cdn.greatoutdoorsco.com/images/granite-softshell-pants-graphite.jpg,g,,65.45,,,
granite-softshell-pants,,,,,,,,Waist,34,Color,Dark Olive,,,GOC-012-34-DARK,450,shopify,10,deny,manual,119.00,,TRUE,TRUE,,,,,,,,,,,GOC-012-34-DARK,,,,,,,,,,https://cdn.greatoutdoorsco.com/images/granite-softshell-pants-dark-olive.jpg,g,,65.45,,,
granite-softshell-pants,,,,,,,,Waist,36,Color,Graphite,,,GOC-012-36-GRAP,450,shopify,9,deny,manual,119.00,,TRUE,TRUE,,,,,,,,,,,GOC-012-36-GRAP,,,,,,,,,,https://cdn.greatoutdoorsco.com/images/granite-softshell-pants-graphite.jpg,g,,65.45,,,
granite-softshell-pants,,,,,,,,Waist,36,Color,Dark Olive,,,GOC-012-36-DARK,450,shopify,9,deny,manual,119.00,,TRUE,TRUE,,,,,,,,,,,GOC-012-36-DARK,,,,,,,,,,https://cdn.greatoutdoorsco.com/images/granite-softshell-pants-dark-olive.jpg,g,,65.45,,,
granite-softshell-pants,,,,,,,,Waist,38,Color,Graphite,,,GOC-012-38-GRAP,450,shopify,7,deny,manual,119.00,,TRUE,TRUE,,,,,,,,,,,GOC-012-38-GRAP,,,,,,,,,,https://cdn.greatoutdoorsco.com/images/granite-softshell-pants-graphite.jpg,g,,65.45,,,
granite-softshell-pants,,,,,,,,Waist,38,Color,Dark Olive,,,GOC-012-38-DARK,450,shopify,9,deny,manual,119.00,,TRUE,TRUE,,,,,,,,,,,GOC-012-38-DARK,,,,,,,,,,https://cdn.greatoutdoorsco.com/images/granite-softshell-pants-dark-olive.jpg,g,,65.45,,,
cedar-ridge-45l-trek-pack,Cedar Ridge 45L Trek Pack,"<p>A comfortable, trail-ready 45L pack with a supportive frame and smart organization for 2–4 day trips.</p><p><strong>Weight:</strong> 1600g. <strong>Materials:</strong> 210D recycled nylon with PFAS-free DWR.</p>",Great Outdoors Co.,Sporting Goods > Outdoor Recreation > Camping & Hiking > Backpacks,Hiking Backpack,"backpack, 45l, multiday, pnw, trekking",TRUE,Color,Basalt,,,,,GOC-013-BASA,1600,shopify,18,deny,manual,199.00,,TRUE,TRUE,,https://cdn.greatoutdoorsco.com/images/cedar-ridge-45l-trek-pack.jpg,1,Cedar Ridge 45L Trek Pack - Great Outdoors Co.,FALSE,Cedar Ridge 45L Trek Pack | Great Outdoors Co.,"A comfortable, trail-ready 45L pack with a supportive frame and smart organization for 2–4 day trips.Weight: 1600g. Materials: 210D recycled nylon with PFAS-...",Sporting Goods > Outdoor Recreation > Camping & Hiking > Backpacks,unisex,adult,GOC-013-BASA,Hiking Backpack,pnw,new,FALSE,,,,,,https://cdn.greatoutdoorsco.com/images/cedar-ridge-45l-trek-pack-basalt.jpg,g,,109.45,,,active
cedar-ridge-45l-trek-pack,,,,,,,,Color,Forest,,,,,GOC-013-FORE,1600,shopify,13,deny,manual,199.00,,TRUE,TRUE,,,,,,,,,,,GOC-013-FORE,,,,,,,,,,https://cdn.greatoutdoorsco.com/images/cedar-ridge-45l-trek-pack-forest.jpg,g,,109.45,,,
cedar-ridge-25l-daypack,Cedar Ridge 25L Daypack,"<p>From trailheads to commutes, this 25L daypack carries comfortably and stays organized.</p><p><strong>Weight:</strong> 900g. <strong>Materials:</strong> recycled nylon.</p>",Great Outdoors Co.,Sporting Goods > Outdoor Recreation > Camping & Hiking > Backpacks,Daypack,"daypack, 25l, hydration-compatible, everyday",TRUE,Color,Basalt,,,,,GOC-014-BASA,900,shopify,16,deny,manual,129.00,,TRUE,TRUE,,https://cdn.greatoutdoorsco.com/images/cedar-ridge-25l-daypack.jpg,1,Cedar Ridge 25L Daypack - Great Outdoors Co.,FALSE,Cedar Ridge 25L Daypack | Great Outdoors Co.,"From trailheads to commutes, this 25L daypack carries comfortably and stays organized.Weight: 900g. Materials: recycled nylon.",Sporting Goods > Outdoor Recreation > Camping & Hiking > Backpacks,unisex,adult,GOC-014-BASA,Daypack,pnw,new,FALSE,,,,,,https://cdn.greatoutdoorsco.com/images/cedar-ridge-25l-daypack-basalt.jpg,g,,70.95,,,active
cedar-ridge-25l-daypack,,,,,,,,Color,Sunset,,,,,GOC-014-SUNS,900,shopify,20,deny,manual,129.00,,TRUE,TRUE,,,,,,,,,,,GOC-014-SUNS,,,,,,,,,,https://cdn.greatoutdoorsco.com/images/cedar-ridge-25l-daypack-sunset.jpg,g,,70.95,,,
alpine-meadow-2p-tent,Alpine Meadow 2P Tent,"<p>A balanced 2-person shelter for backpacking: easy pitch, great ventilation, and reliable weather protection.</p><p><strong>Trail weight:</strong> 2.3 kg. <strong>Packed size:</strong> 19 x 6 in.</p>",Great Outdoors Co.,Sporting Goods > Outdoor Recreation > Camping & Hiking > Tents,Backpacking Tent,"tent, 2p, backpacking, lightweight, freestanding",TRUE,Title,Default Title,,,,,GOC-015-DEFA,2300,shopify,20,deny,manual,299.00,,TRUE,TRUE,,https://cdn.greatoutdoorsco.com/images/alpine-meadow-2p-tent.jpg,1,Alpine Meadow 2P Tent - Great Outdoors Co.,FALSE,Alpine Meadow 2P Tent | Great Outdoors Co.,"A balanced 2-person shelter for backpacking: easy pitch, great ventilation, and reliable weather protection.Trail weight: 2.3 kg. Packed size: 19 x 6 in.",Sporting Goods > Outdoor Recreation > Camping & Hiking > Tents,unisex,adult,GOC-015-DEFA,Backpacking Tent,pnw,new,FALSE,,,,,,,g,,164.45,,,active
basecamp-pines-3p-tent,Basecamp Pines 3P Tent,<p>Roomy 3-person tent with a tall peak and big doors for comfortable car camping weekends.</p><p><strong>Weight:</strong> 5.2 kg. <strong>Packed size:</strong> 25 x 9 in.</p>,Great Outdoors Co.,Sporting Goods > Outdoor Recreation > Camping & Hiking > Tents,Camping Tent,"tent, 3p, car-camping, family, spacious",TRUE,Title,Default Title,,,,,GOC-016-DEFA,5200,shopify,20,deny,manual,349.00,,TRUE,TRUE,,https://cdn.greatoutdoorsco.com/images/basecamp-pines-3p-tent.jpg,1,Basecamp Pines 3P Tent - Great Outdoors Co.,FALSE,Basecamp Pines 3P Tent | Great Outdoors Co.,Roomy 3-person tent with a tall peak and big doors for comfortable car camping weekends.Weight: 5.2 kg. Packed size: 25 x 9 in.,Sporting Goods > Outdoor Recreation > Camping & Hiking > Tents,unisex,adult,GOC-016-DEFA,Camping Tent,pnw,new,FALSE,,,,,,,g,,191.95,,,active
frostline-20f-down-sleeping-bag,Frostline 20°F Down Sleeping Bag,"<p>Warm, compressible 20°F down bag for high country nights.</p><p><strong>Fill:</strong> 650-fill RDS down. <strong>Weight:</strong> 1150g (Reg).</p>",Great Outdoors Co.,Sporting Goods > Outdoor Recreation > Camping & Hiking > Sleeping Bags,Sleeping Bag,"sleeping-bag, down, 20f, backpacking, rds",TRUE,Length,Regular,,,,,GOC-017-REGU,1150,shopify,12,deny,manual,279.00,,TRUE,TRUE,,https://cdn.greatoutdoorsco.com/images/frostline-20f-down-sleeping-bag.jpg,1,Frostline 20°F Down Sleeping Bag - Great Outdoors Co.,FALSE,Frostline 20°F Down Sleeping Bag | Great Outdoors Co.,"Warm, compressible 20°F down bag for high country nights.Fill: 650-fill RDS down. Weight: 1150g (Reg).",Sporting Goods > Outdoor Recreation > Camping & Hiking > Sleeping Bags,unisex,adult,GOC-017-REGU,Sleeping Bag,pnw,new,FALSE,,,,,,,g,,153.45,,,active
frostline-20f-down-sleeping-bag,,,,,,,,Length,Long,,,,,GOC-017-LONG,1250,shopify,13,deny,manual,279.00,,TRUE,TRUE,,,,,,,,,,,GOC-017-LONG,,,,,,,,,,,g,,153.45,,,
drift-40f-synthetic-sleeping-bag,Drift 40°F Synthetic Sleeping Bag,<p>Dependable warmth in damp conditions with easy-care synthetic insulation.</p><p><strong>Temp rating:</strong> 40°F. <strong>Weight:</strong> 1350g (Reg).</p>,Great Outdoors Co.,Sporting Goods > Outdoor Recreation > Camping & Hiking > Sleeping Bags,Sleeping Bag,"sleeping-bag, synthetic, 40f, camping, easy-care",TRUE,Length,Regular,,,,,GOC-018-REGU,1350,shopify,20,deny,manual,149.00,,TRUE,TRUE,,https://cdn.greatoutdoorsco.com/images/drift-40f-synthetic-sleeping-bag.jpg,1,Drift 40°F Synthetic Sleeping Bag - Great Outdoors Co.,FALSE,Drift 40°F Synthetic Sleeping Bag | Great Outdoors Co.,Dependable warmth in damp conditions with easy-care synthetic insulation.Temp rating: 40°F. Weight: 1350g (Reg).,Sporting Goods > Outdoor Recreation > Camping & Hiking > Sleeping Bags,unisex,adult,GOC-018-REGU,Sleeping Bag,pnw,new,FALSE,,,,,,,g,,81.95,,,active
drift-40f-synthetic-sleeping-bag,,,,,,,,Length,Long,,,,,GOC-018-LONG,1450,shopify,20,deny,manual,149.00,,TRUE,TRUE,,,,,,,,,,,GOC-018-LONG,,,,,,,,,,,g,,81.95,,,
trailmark-trekking-poles,Trailmark Trekking Poles (Pair),"<p>Stable, adjustable poles with comfortable cork grips for long days on uneven terrain.</p><p><strong>Weight:</strong> 540g/pair. <strong>Material:</strong> 7075 aluminum.</p>",Great Outdoors Co.,Sporting Goods > Outdoor Recreation > Camping & Hiking > Hiking Poles,Trekking Poles,"trekking-poles, pair, aluminum, adjustable",TRUE,Title,Default Title,,,,,GOC-019-DEFA,540,shopify,44,deny,manual,89.00,,TRUE,TRUE,,https://cdn.greatoutdoorsco.com/images/trailmark-trekking-poles.jpg,1,Trailmark Trekking Poles (Pair) - Great Outdoors Co.,FALSE,Trailmark Trekking Poles (Pair) | Great Outdoors Co.,"Stable, adjustable poles with comfortable cork grips for long days on uneven terrain.Weight: 540g/pair. Material: 7075 aluminum.",Sporting Goods > Outdoor Recreation > Camping & Hiking > Hiking Poles,unisex,adult,GOC-019-DEFA,Trekking Poles,pnw,new,FALSE,,,,,,,g,,48.95,,,active
campfire-lounge-chair,Campfire Lounge Chair,"<p>Comfortable camp chair with a supportive back and a quick, intuitive setup.</p><p><strong>Weight:</strong> 1.65 kg. <strong>Materials:</strong> steel frame / 600D polyester.</p>",Great Outdoors Co.,Sporting Goods > Outdoor Recreation > Camping & Hiking > Camp Furniture,Camp Chair,"camp-chair, packing, comfort, car-camping",TRUE,Color,Sand,,,,,GOC-020-SAND,1650,shopify,18,deny,manual,79.00,99.00,TRUE,TRUE,,https://cdn.greatoutdoorsco.com/images/campfire-lounge-chair.jpg,1,Campfire Lounge Chair - Great Outdoors Co.,FALSE,Campfire Lounge Chair | Great Outdoors Co.,"Comfortable camp chair with a supportive back and a quick, intuitive setup.Weight: 1.65 kg. Materials: steel frame / 600D polyester.",Sporting Goods > Outdoor Recreation > Camping & Hiking > Camp Furniture,unisex,adult,GOC-020-SAND,Camp Chair,pnw,new,FALSE,,,,,,https://cdn.greatoutdoorsco.com/images/campfire-lounge-chair-sand.jpg,g,,43.45,,,active
campfire-lounge-chair,,,,,,,,Color,Spruce,,,,,GOC-020-SPRU,1650,shopify,14,deny,manual,79.00,99.00,TRUE,TRUE,,,,,,,,,,,GOC-020-SPRU,,,,,,,,,,https://cdn.greatoutdoorsco.com/images/campfire-lounge-chair-spruce.jpg,g,,43.45,,,
campfire-lounge-chair,,,,,,,,Color,Sand,,,,,GOC-020-SAND,1650,shopify,18,deny,manual,74.00,99.00,TRUE,TRUE,,,,,,,,,,,GOC-020-SAND,,,,,,,,,,https://cdn.greatoutdoorsco.com/images/campfire-lounge-chair-sand.jpg,g,,40.70,,,
pineview-hammock,Pineview Hammock,"<p>A no-fuss hammock for camp, backyard, and trail-side lounging.</p><p><strong>Weight:</strong> 520g. <strong>Material:</strong> ripstop nylon.</p>",Great Outdoors Co.,Sporting Goods > Outdoor Recreation > Camping & Hiking > Camp Furniture,Hammock,"hammock, quick-setup, camp, relax",TRUE,Color,Spruce,,,,,GOC-021-SPRU,520,shopify,27,deny,manual,59.00,,TRUE,TRUE,,https://cdn.greatoutdoorsco.com/images/pineview-hammock.jpg,1,Pineview Hammock - Great Outdoors Co.,FALSE,Pineview Hammock | Great Outdoors Co.,"A no-fuss hammock for camp, backyard, and trail-side lounging.Weight: 520g. Material: ripstop nylon.",Sporting Goods > Outdoor Recreation > Camping & Hiking > Camp Furniture,unisex,adult,GOC-021-SPRU,Hammock,pnw,new,FALSE,,,,,,https://cdn.greatoutdoorsco.com/images/pineview-hammock-spruce.jpg,g,,32.45,,,active
pineview-hammock,,,,,,,,Color,Sunset,,,,,GOC-021-SUNS,520,shopify,25,deny,manual,59.00,,TRUE,TRUE,,,,,,,,,,,GOC-021-SUNS,,,,,,,,,,https://cdn.greatoutdoorsco.com/images/pineview-hammock-sunset.jpg,g,,32.45,,,
nightfall-350-headlamp,Nightfall 350 Headlamp,"Bright, lightweight headlamp.",Great Outdoors Co.,Sporting Goods > Outdoor Recreation > Camping & Hiking > Lighting,Headlamp,"headlamp, lighting, 350-lumens, camp",TRUE,Title,Default Title,,,,,GOC-022-DEFA,110,shopify,65,deny,manual,39.00,,TRUE,TRUE,,https://cdn.greatoutdoorsco.com/images/nightfall-350-headlamp.jpg,1,Nightfall 350 Headlamp - Great Outdoors Co.,FALSE,Nightfall 350 Headlamp | Great Outdoors Co.,"Bright, lightweight headlamp.",Sporting Goods > Outdoor Recreation > Camping & Hiking > Lighting,unisex,adult,GOC-022-DEFA,Headlamp,pnw,new,FALSE,,,,,,,g,,21.45,,,active
glacier-32oz-insulated-bottle,Glacier 32oz Insulated Bottle,<p>Double-wall vacuum insulation keeps drinks cold on hot trails and hot on cold mornings.</p><p><strong>Volume:</strong> 32oz. <strong>Weight:</strong> 420g. <strong>Material:</strong> 18/8 stainless steel.</p>,Great Outdoors Co.,Sporting Goods > Outdoor Recreation > Camping & Hiking > Hydration,Water Bottle,"hydration, insulated, 32oz, bpa-free",TRUE,Color,Stone,,,,,GOC-023-STON,420,shopify,31,deny,manual,42.00,,TRUE,TRUE,,https://cdn.greatoutdoorsco.com/images/glacier-32oz-insulated-bottle.jpg,1,Glacier 32oz Insulated Bottle - Great Outdoors Co.,FALSE,Glacier 32oz Insulated Bottle | Great Outdoors Co.,Double-wall vacuum insulation keeps drinks cold on hot trails and hot on cold mornings.Volume: 32oz. Weight: 420g. Material: 18/8 stainless steel.,Home & Garden > Kitchen & Dining > Tableware > Drinkware,,,GOC-023-STON,Water Bottle,pnw,new,FALSE,,,,,,https://cdn.greatoutdoorsco.com/images/glacier-32oz-insulated-bottle-stone.jpg,g,,23.10,,,active
glacier-32oz-insulated-bottle,,,,,,,,Color,Spruce,,,,,GOC-023-SPRU,420,shopify,30,deny,manual,42.00,,TRUE,TRUE,,,,,,,,,,,GOC-023-SPRU,,,,,,,,,,https://cdn.greatoutdoorsco.com/images/glacier-32oz-insulated-bottle-spruce.jpg,g,,23.10,,,
glacier-32oz-insulated-bottle,,,,,,,,Color,Sunset,,,,,GOC-023-SUNS,420,shopify,32,deny,manual,42.00,,TRUE,TRUE,,,,,,,,,,,GOC-023-SUNS,,,,,,,,,,https://cdn.greatoutdoorsco.com/images/glacier-32oz-insulated-bottle-sunset.jpg,g,,23.10,,,
trail-sip-20oz-flask,Trail Sip 20oz Flask,<p>Stainless trail flask.</p>,Great Outdoors Co.,Sporting Goods > Outdoor Recreation > Camping & Hiking > Hydration,Trail Flask,"hydration, flask, camp, trail",TRUE,Color,Stainless,,,,,GOC-024-STAI,210,shopify,47,deny,manual,24.00,,TRUE,TRUE,,https://cdn.greatoutdoorsco.com/images/trail-sip-20oz-flask.jpg,1,Trail Sip 20oz Flask - Great Outdoors Co.,FALSE,Trail Sip 20oz Flask | Great Outdoors Co.,Shop Trail Sip 20oz Flask at Great Outdoors Co.,Home & Garden > Kitchen & Dining > Tableware > Drinkware,,,GOC-024-STAI,Trail Flask,pnw,new,FALSE,,,,,,https://cdn.greatoutdoorsco.com/images/trail-sip-20oz-flask-stainless.jpg,g,,13.20,,,active
trail-sip-20oz-flask,,,,,,,,Color,Matte Black,,,,,GOC-024-MATT,210,shopify,47,deny,manual,24.00,,TRUE,TRUE,,,,,,,,,,,GOC-024-MATT,,,,,,,,,,https://cdn.greatoutdoorsco.com/images/trail-sip-20oz-flask-matte-black.jpg,g,,13.20,,,
sunshield-spf-50-mineral-sunscreen,SunShield SPF 50 Mineral Sunscreen,<p>Mineral SPF 50 for face &amp; body<br><strong>Active:</strong> zinc oxide. Water resistant 80 minutes.</p,Great Outdoors Co.,Health & Beauty > Personal Care > Cosmetics > Skin Care > Sunscreen,Sunscreen,"sunscreen, spf50, mineral, reef-friendly, trail",TRUE,Title,Default Title,,,,,GOC-025-DEFA,85,shopify,144,deny,manual,19.00,,TRUE,TRUE,,https://cdn.greatoutdoorsco.com/images/sunshield-spf-50-mineral-sunscreen.jpg,1,SunShield SPF 50 Mineral Sunscreen - Great Outdoors Co.,FALSE,SunShield SPF 50 Mineral Sunscreen | Great Outdoors Co.,Mineral SPF 50 for face &amp; bodyActive: zinc oxide. Water resistant 80 minutes.</p,Health & Beauty > Personal Care > Cosmetics > Skin Care > Sunscreen,,,GOC-025-DEFA,Sunscreen,pnw,new,FALSE,,,,,,,g,,10.45,,,active
riverbend-polarized-sunglasses,Riverbend Polarized Sunglasses,"<p>Polarized lenses cut glare off water and snow, with a lightweight frame that stays put.</p><p><strong>Protection:</strong> UV400. <strong>Weight:</strong> 30g.</p>",Great Outdoors Co.,Apparel & Accessories > Clothing Accessories > Sunglasses,Sunglasses,"sunglasses, polarized, uv400, trail, everyday",TRUE,Title,Default Title,,,,,GOC-026-DEFA,30,shopify,55,deny,manual,69.00,,TRUE,TRUE,,https://cdn.greatoutdoorsco.com/images/riverbend-polarized-sunglasses.jpg,1,Riverbend Polarized Sunglasses - Great Outdoors Co.,FALSE,Riverbend Polarized Sunglasses | Great Outdoors Co.,"Polarized lenses cut glare off water and snow, with a lightweight frame that stays put.Protection: UV400. Weight: 30g.",Apparel & Accessories > Clothing Accessories > Sunglasses,,,GOC-026-DEFA,Sunglasses,pnw,new,FALSE,,,,,,,g,,37.95,,,active
quickdry-camp-towel,QuickDry Camp Towel,"<p>Soft feel, fast dry time. Great for swim days, camp kitchens, and unexpected rain.</p><p><strong>Material:</strong> recycled microfiber.</p>",Great Outdoors Co.,Home & Garden > Linens & Bedding > Towels,Camp Towel,"towel, quick-dry, camping, packable",TRUE,Size,Small,,,,,GOC-027-SMAL,150,shopify,38,deny,manual,26.00,,TRUE,TRUE,,https://cdn.greatoutdoorsco.com/images/quickdry-camp-towel.jpg,1,QuickDry Camp Towel - Great Outdoors Co.,FALSE,QuickDry Camp Towel | Great Outdoors Co.,"Soft feel, fast dry time. Great for swim days, camp kitchens, and unexpected rain.Material: recycled microfiber.",Home & Garden > Linens & Bedding > Towels,,,GOC-027-SMAL,Camp Towel,pnw,new,FALSE,,,,,,,g,,14.30,,,active
quickdry-camp-towel,,,,,,,,Size,Large,,,,,GOC-027-LARG,250,shopify,41,deny,manual,26.00,,TRUE,TRUE,,,,,,,,,,,GOC-027-LARG,,,,,,,,,,,g,,14.30,,,
dry-creek-10l-dry-bag,Dry Creek 10L Dry Bag,<p>Keep layers and electronics dry with a simple roll-top closure.</p><p><strong>Capacity:</strong> 10L. <strong>Weight:</strong> 95g. <strong>Material:</strong> TPU-coated nylon.</p>,Great Outdoors Co.,Sporting Goods > Outdoor Recreation > Camping & Hiking > Dry Bags,Dry Bag,"dry-bag, 10l, waterproof, river, camp",TRUE,Color,Blue,,,,,GOC-028-BLUE,95,shopify,36,deny,manual,29.00,,TRUE,TRUE,,https://cdn.greatoutdoorsco.com/images/dry-creek-10l-dry-bag.jpg,1,Dry Creek 10L Dry Bag - Great Outdoors Co.,FALSE,Dry Creek 10L Dry Bag | Great Outdoors Co.,Keep layers and electronics dry with a simple roll-top closure.Capacity: 10L. Weight: 95g. Material: TPU-coated nylon.,Sporting Goods > Outdoor Recreation > Camping & Hiking > Dry Bags,,,GOC-028-BLUE,Dry Bag,pnw,new,FALSE,,,,,,https://cdn.greatoutdoorsco.com/images/dry-creek-10l-dry-bag-blue.jpg,g,,15.95,,,active
dry-creek-10l-dry-bag,,,,,,,,Color,blue,,,,,GOC-028-BLUE,95,shopify,36,deny,manual,29.00,,TRUE,TRUE,,,,,,,,,,,GOC-028-BLUE,,,,,,,,,,https://cdn.greatoutdoorsco.com/images/dry-creek-10l-dry-bag-blue.jpg,g,,15.95,,,
dry-creek-10l-dry-bag,,,,,,,,Color,ORANGE,,,,,GOC-028-ORAN,95,shopify,38,deny,manual,29.00,,TRUE,TRUE,,,,,,,,,,,GOC-028-ORAN,,,,,,,,,,https://cdn.greatoutdoorsco.com/images/dry-creek-10l-dry-bag-orange.jpg,g,,15.95,,,
trailclip-carabiner-keychain,TrailClip Carabiner Keychain,A simple clip for keys.,Great Outdoors Co.,Apparel & Accessories > Clothing Accessories > Keychains,Keychain,"carabiner, keychain, everyday-carry, small-goods",TRUE,Color,Black,,,,,GOC-029-BLAC,35,shopify,67,deny,manual,12.00,,TRUE,TRUE,,https://cdn.greatoutdoorsco.com/images/trailclip-carabiner-keychain.jpg,1,TrailClip Carabiner Keychain - Great Outdoors Co.,FALSE,TrailClip Carabiner Keychain | Great Outdoors Co.,A simple clip for keys.,Apparel & Accessories > Clothing Accessories > Keychains,,,GOC-029-BLAC,Keychain,pnw,new,FALSE,,,,,,https://cdn.greatoutdoorsco.com/images/trailclip-carabiner-keychain-black.jpg,g,,6.60,,,active
trailclip-carabiner-keychain,,,,,,,,Color,BLUE,,,,,GOC-029-BLUE,35,shopify,71,deny,manual,12.00,,TRUE,TRUE,,,,,,,,,,,GOC-029-BLUE,,,,,,,,,,https://cdn.greatoutdoorsco.com/images/trailclip-carabiner-keychain-blue.jpg,g,,6.60,,,
trailclip-carabiner-keychain,,,,,,,,Color,blue,,,,,GOC-029-BLUE,35,shopify,71,deny,manual,12.00,,TRUE,TRUE,,,,,,,,,,,GOC-029-BLUE,,,,,,,,,,https://cdn.greatoutdoorsco.com/images/trailclip-carabiner-keychain-blue.jpg,g,,6.60,,,
breeze-buff-neck-gaiter,Breeze Buff Neck Gaiter,"<p>A do-it-all neck gaiter for sun, wind, dust, and cool mornings.</p><p><strong>Weight:</strong> 45g. <strong>Material:</strong> recycled polyester with 4-way stretch.</p>",Great Outdoors Co.,Apparel & Accessories > Clothing Accessories,Neck Gaiter,"neck-gaiter, buff, sun, multifunction",TRUE,Color,Topo Print,,,,,GOC-030-TOPO,45,shopify,57,deny,manual,22.00,,TRUE,TRUE,,https://cdn.greatoutdoorsco.com/images/breeze-buff-neck-gaiter.jpg,1,Breeze Buff Neck Gaiter - Great Outdoors Co.,FALSE,Breeze Buff Neck Gaiter | Great Outdoors Co.,"A do-it-all neck gaiter for sun, wind, dust, and cool mornings.Weight: 45g. Material: recycled polyester with 4-way stretch.",Apparel & Accessories > Clothing Accessories,,,GOC-030-TOPO,Neck Gaiter,pnw,new,FALSE,,,,,,https://cdn.greatoutdoorsco.com/images/breeze-buff-neck-gaiter-topo-print.jpg,g,,12.10,,,active
breeze-buff-neck-gaiter,,,,,,,,Color,Pine Green,,,,,GOC-030-PINE,45,shopify,55,deny,manual,22.00,,TRUE,TRUE,,,,,,,,,,,GOC-030-PINE,,,,,,,,,,https://cdn.greatoutdoorsco.com/images/breeze-buff-neck-gaiter-pine-green.jpg,g,,12.10,,,
breeze-buff-neck-gaiter,,,,,,,,Color,Sunrise Stripe,,,,,GOC-030-SUNR,45,shopify,54,deny,manual,22.00,,TRUE,TRUE,,,,,,,,,,,GOC-030-SUNR,,,,,,,,,,https://cdn.greatoutdoorsco.com/images/breeze-buff-neck-gaiter-sunrise-stripe.jpg,g,,12.10,,,
